id,latitude,longitude,brightness,scan,track,acq_date,acq_time,satellite,instrument,confidence,version,bright_t31,frp,daynight,datetime_utc,sensor,grid_id,normalized_brightness,normalized_frp,quality_score,sensor_agreement,hfai,status
1,11.93712,5.60776,325.56,1.02,1.01,2024-12-30,1359,Aqua,MODIS,68,6.1NRT,310.75,9.43,D,2024-12-30T13:59:00Z,MODIS,238_112,-0.0095,-0.6205,0.68,0.6467,0.4524,Normal
2,6.01749,5.83223,322.78,1.0,1.0,2025-01-09,1359,Aqua,MODIS,55,6.1NRT,307.16,7.61,D,2025-01-09T13:59:00Z,MODIS,120_116,-0.2077,-0.6725,0.55,0.6642,0.4059,Normal
3,10.60884,28.07417,323.92,2.73,1.58,2024-12-09,0820,Terra,MODIS,71,6.1NRT,306.02,46.89,D,2024-12-09T08:20:00Z,MODIS,212_561,-0.1264,0.4508,0.71,0.6507,0.5738,Elevated
4,-2.8891,-51.73476,308.09,2.42,1.5,2024-11-09,0039,Terra,MODIS,71,6.1NRT,293.72,21.86,N,2024-11-09T00:39:00Z,MODIS,-58_-1035,-1.255,-0.265,0.71,0.6012,0.3904,Normal
5,9.79179,-13.35328,319.71,1.01,1.01,2024-12-22,1518,Aqua,MODIS,46,6.1NRT,305.51,8.67,D,2024-12-22T15:18:00Z,MODIS,195_-268,-0.4266,-0.6422,0.46,0.6941,0.3766,Normal
6,-16.25732,37.66384,332.81,1.16,1.07,2024-11-05,1149,Aqua,MODIS,68,6.1NRT,315.08,11.52,D,2024-11-05T11:49:00Z,MODIS,-326_753,0.5074,-0.5607,0.68,0.5918,0.499,Elevated
7,-5.66658,-38.32553,327.31,1.13,1.06,2024-12-25,1711,Aqua,MODIS,49,6.1NRT,310.18,8.53,D,2024-12-25T17:11:00Z,MODIS,-114_-767,0.1153,-0.6462,0.49,0.6286,0.4221,Normal
8,-17.2712,143.62968,327.06,2.26,1.46,2024-11-25,0525,Aqua,MODIS,41,6.1NRT,301.34,26.91,D,2024-11-25T05:25:00Z,MODIS,-346_2872,0.0974,-0.1206,0.41,0.6938,0.4768,Normal
9,6.54029,23.86456,328.44,1.24,1.11,2024-12-26,1259,Aqua,MODIS,80,6.1NRT,303.37,23.94,D,2024-12-26T12:59:00Z,MODIS,130_477,0.1958,-0.2055,0.8,0.6718,0.5467,Elevated
10,5.60619,25.59548,327.84,1.0,1.0,2025-01-12,1242,Aqua,MODIS,34,6.1NRT,305.75,12.64,D,2025-01-12T12:42:00Z,MODIS,112_511,0.153,-0.5287,0.34,0.6382,0.4124,Normal
11,-3.95789,-38.27423,311.98,1.79,1.31,2024-12-20,1227,Terra,MODIS,42,6.1NRT,288.87,14.8,D,2024-12-20T12:27:00Z,MODIS,-80_-766,-0.9777,-0.4669,0.42,0.6587,0.3333,Normal
12,-11.93501,142.09413,327.99,1.04,1.02,2024-11-14,1210,Terra,MODIS,100,6.1NRT,273.06,27.16,N,2024-11-14T12:10:00Z,MODIS,-239_2841,0.1637,-0.1134,1.0,0.6867,0.6073,Elevated
13,6.11905,28.59105,347.48,1.28,1.12,2025-01-07,1242,Aqua,MODIS,93,6.1NRT,305.51,66.05,D,2025-01-07T12:42:00Z,MODIS,122_571,1.5533,0.9988,0.93,0.6535,0.8358,Unusual
14,13.9239,-13.19859,326.33,1.61,1.25,2025-01-09,1051,Terra,MODIS,76,6.1NRT,305.24,30.76,D,2025-01-09T10:51:00Z,MODIS,278_-264,0.0454,-0.0105,0.76,0.7133,0.5544,Elevated
15,-10.28263,13.83012,316.07,1.2,1.09,2024-11-10,0847,Terra,MODIS,39,6.1NRT,295.94,11.42,D,2024-11-10T08:47:00Z,MODIS,-206_276,-0.6861,-0.5636,0.39,0.7053,0.3502,Normal
16,-18.06016,139.97568,325.11,1.22,1.1,2024-11-08,2354,Terra,MODIS,66,6.1NRT,299.4,12.61,D,2024-11-08T23:54:00Z,MODIS,-362_2799,-0.0416,-0.5295,0.66,0.6614,0.4586,Normal
17,10.40143,23.30353,332.04,1.05,1.02,2025-01-07,1242,Aqua,MODIS,78,6.1NRT,308.77,19.68,D,2025-01-07T12:42:00Z,MODIS,208_466,0.4525,-0.3273,0.78,0.6264,0.5456,Elevated
18,11.18515,21.97256,323.46,2.53,1.53,2024-12-29,1318,Aqua,MODIS,64,6.1NRT,307.85,33.92,D,2024-12-29T13:18:00Z,MODIS,223_439,-0.1592,0.0799,0.64,0.6913,0.52,Elevated
19,20.93993,81.82156,322.22,1.0,1.0,2024-12-22,0843,Aqua,MODIS,77,6.1NRT,298.19,14.23,D,2024-12-22T08:43:00Z,MODIS,418_1636,-0.2476,-0.4832,0.77,0.6917,0.4704,Normal
20,31.39428,-97.06958,306.92,1.03,1.02,2024-11-12,1630,Terra,MODIS,48,6.1NRT,296.82,3.62,D,2024-11-12T16:30:00Z,MODIS,627_-1942,-1.3384,-0.7866,0.48,0.6538,0.279,Normal
21,11.64996,6.47928,316.87,1.21,1.1,2024-12-20,0904,Terra,MODIS,71,6.1NRT,295.84,13.7,D,2024-12-20T09:04:00Z,MODIS,232_129,-0.6291,-0.4984,0.71,0.7043,0.4238,Normal
22,12.21724,-9.2972,330.85,1.54,1.22,2024-12-26,1439,Aqua,MODIS,82,6.1NRT,308.69,36.24,D,2024-12-26T14:39:00Z,MODIS,244_-186,0.3676,0.1462,0.82,0.6934,0.611,Elevated
23,10.93601,23.54697,323.27,1.2,1.09,2024-12-11,1255,Aqua,MODIS,43,6.1NRT,312.76,7.47,D,2024-12-11T12:55:00Z,MODIS,218_470,-0.1728,-0.6765,0.43,0.6595,0.3852,Normal
24,5.26844,31.92374,378.34,1.03,1.01,2024-12-30,1218,Aqua,MODIS,100,6.1NRT,309.79,135.65,D,2024-12-30T12:18:00Z,MODIS,105_638,3.7534,2.9892,1.0,0.6283,0.9442,Unusual
25,11.7901,36.25212,314.45,1.88,1.34,2025-01-03,0654,Terra,MODIS,60,6.1NRT,303.17,13.86,D,2025-01-03T06:54:00Z,MODIS,235_725,-0.8016,-0.4938,0.6,0.6831,0.3843,Normal
26,53.51669,-109.43078,315.97,1.35,1.15,2024-11-12,1802,Terra,MODIS,76,6.1NRT,276.0,28.76,D,2024-11-12T18:02:00Z,MODIS,1070_-2189,-0.6932,-0.0677,0.76,0.6449,0.4691,Normal
27,4.00801,-71.71902,320.14,1.0,1.0,2024-12-13,1908,Aqua,MODIS,71,6.1NRT,302.97,7.14,D,2024-12-13T19:08:00Z,MODIS,80_-1435,-0.3959,-0.686,0.71,0.6852,0.4205,Normal
28,8.26077,-8.34437,341.04,1.04,1.02,2025-01-08,1458,Aqua,MODIS,89,6.1NRT,309.5,34.51,D,2025-01-08T14:58:00Z,MODIS,165_-167,1.0941,0.0968,0.89,0.6003,0.6717,Elevated
29,48.33316,115.73851,369.12,1.11,1.05,2024-12-15,0552,Aqua,MODIS,96,6.1NRT,273.23,133.09,D,2024-12-15T05:52:00Z,MODIS,966_2314,3.0961,2.916,0.96,0.6984,0.9488,Unusual
30,14.17297,105.10101,324.01,1.16,1.07,2025-01-11,0709,Aqua,MODIS,75,6.1NRT,301.86,17.4,D,2025-01-11T07:09:00Z,MODIS,283_2102,-0.12,-0.3925,0.75,0.6873,0.4884,Elevated
31,7.23598,29.40825,336.74,1.41,1.18,2024-12-28,1240,Aqua,MODIS,86,6.1NRT,302.77,44.42,D,2024-12-28T12:40:00Z,MODIS,144_588,0.7876,0.3802,0.86,0.6711,0.6816,Unusual
32,12.9588,-11.67982,331.79,1.06,1.03,2024-12-29,1458,Aqua,MODIS,78,6.1NRT,304.57,18.29,D,2024-12-29T14:58:00Z,MODIS,259_-234,0.4347,-0.3671,0.78,0.6238,0.5388,Elevated
33,8.79737,-2.56671,327.61,1.12,1.05,2025-01-05,1439,Aqua,MODIS,70,6.1NRT,312.39,12.62,D,2025-01-05T14:39:00Z,MODIS,175_-52,0.1367,-0.5292,0.7,0.6401,0.4795,Normal
34,11.41142,1.98197,361.05,1.34,1.15,2024-11-24,0949,Terra,MODIS,100,6.1NRT,311.19,119.07,D,2024-11-24T09:49:00Z,MODIS,228_39,2.5207,2.515,1.0,0.7193,0.9579,Unusual
35,12.94485,-11.9607,344.85,2.29,1.46,2024-12-31,1439,Aqua,MODIS,91,6.1NRT,307.71,136.17,D,2024-12-31T14:39:00Z,MODIS,258_-240,1.3658,3.0041,0.91,0.5234,0.8833,Unusual
36,-3.10644,-45.46368,328.32,1.01,1.01,2024-12-28,1732,Aqua,MODIS,67,6.1NRT,300.56,14.01,D,2024-12-28T17:32:00Z,MODIS,-63_-910,0.1873,-0.4895,0.67,0.6388,0.4829,Elevated
37,-5.11211,-43.22558,344.83,1.59,1.24,2024-12-03,0013,Terra,MODIS,100,6.1NRT,292.69,96.9,N,2024-12-03T00:13:00Z,MODIS,-103_-865,1.3643,1.881,1.0,0.658,0.9095,Unusual
38,12.73732,-13.39193,328.8,1.12,1.05,2024-12-27,1028,Terra,MODIS,81,6.1NRT,304.06,23.94,D,2024-12-27T10:28:00Z,MODIS,254_-268,0.2215,-0.2055,0.81,0.6688,0.5506,Elevated
39,4.08721,20.69016,323.83,1.6,1.24,2025-01-03,1318,Aqua,MODIS,74,6.1NRT,303.8,23.67,D,2025-01-03T13:18:00Z,MODIS,81_413,-0.1328,-0.2132,0.74,0.7104,0.5098,Elevated
40,7.13616,24.88273,318.36,2.32,1.47,2024-12-30,0733,Terra,MODIS,66,6.1NRT,298.51,33.68,D,2024-12-30T07:33:00Z,MODIS,142_497,-0.5228,0.073,0.66,0.6485,0.4829,Elevated
41,9.62092,-4.04176,319.39,1.06,1.03,2024-11-09,1437,Aqua,MODIS,47,6.1NRT,304.9,6.67,D,2024-11-09T14:37:00Z,MODIS,192_-81,-0.4494,-0.6994,0.47,0.69,0.3691,Normal
42,10.88394,1.53577,325.15,1.01,1.0,2024-12-13,1414,Aqua,MODIS,65,6.1NRT,311.77,9.64,D,2024-12-13T14:14:00Z,MODIS,217_30,-0.0387,-0.6145,0.65,0.6509,0.4454,Normal
43,21.32559,83.5789,312.19,1.07,1.03,2024-12-22,0843,Aqua,MODIS,65,6.1NRT,293.43,8.01,D,2024-12-22T08:43:00Z,MODIS,426_1671,-0.9627,-0.6611,0.65,0.6838,0.3593,Normal
44,22.26125,108.61664,303.48,1.17,1.08,2024-12-24,0646,Aqua,MODIS,56,6.1NRT,290.99,5.84,D,2024-12-24T06:46:00Z,MODIS,445_2172,-1.5837,-0.7231,0.56,0.6167,0.2771,Normal
45,6.92317,34.01907,308.44,2.21,1.44,2024-11-28,1229,Aqua,MODIS,50,6.1NRT,292.25,9.33,D,2024-11-28T12:29:00Z,MODIS,138_680,-1.2301,-0.6233,0.5,0.6472,0.3051,Normal
46,30.4905,114.21883,305.12,1.0,1.0,2024-12-16,0626,Aqua,MODIS,0,6.1NRT,287.68,7.26,D,2024-12-16T06:26:00Z,MODIS,609_2284,-1.4668,-0.6825,0.0,0.6259,0.2029,Normal
47,11.54999,-7.53633,316.15,3.85,1.83,2024-12-30,1049,Terra,MODIS,62,6.1NRT,303.59,47.53,D,2024-12-30T10:49:00Z,MODIS,230_-151,-0.6804,0.4691,0.62,0.5821,0.4973,Elevated
48,3.69151,25.61787,313.56,1.9,1.35,2025-01-04,1221,Aqua,MODIS,17,6.1NRT,298.31,14.89,D,2025-01-04T12:21:00Z,MODIS,73_512,-0.865,-0.4643,0.17,0.6719,0.2985,Normal
49,31.14083,-83.5599,305.71,3.03,1.66,2025-01-09,1904,Aqua,MODIS,62,6.1NRT,283.09,45.74,D,2025-01-09T19:04:00Z,MODIS,622_-1672,-1.4247,0.4179,0.62,0.4989,0.41,Normal
50,-26.73684,149.72278,360.89,1.01,1.0,2024-12-23,1149,Terra,MODIS,100,6.1NRT,298.3,87.01,N,2024-12-23T11:49:00Z,MODIS,-535_2994,2.5093,1.5982,1.0,0.6107,0.9165,Unusual
51,11.31665,1.43675,328.67,1.02,1.01,2024-12-11,0938,Terra,MODIS,81,6.1NRT,304.02,18.93,D,2024-12-11T09:38:00Z,MODIS,226_28,0.2122,-0.3488,0.81,0.6527,0.5304,Elevated
52,5.67449,28.27158,321.06,4.5,1.95,2024-12-31,1857,Terra,MODIS,100,6.1NRT,292.96,162.68,N,2024-12-31T18:57:00Z,MODIS,113_565,-0.3303,3.7622,1.0,0.2289,0.7678,Unusual
53,8.64511,-65.52091,325.65,2.0,1.38,2024-11-28,1904,Aqua,MODIS,76,6.1NRT,302.13,37.92,D,2024-11-28T19:04:00Z,MODIS,172_-1311,-0.0031,0.1943,0.76,0.6963,0.5714,Elevated
54,11.85782,4.95927,322.96,1.63,1.26,2025-01-01,1342,Aqua,MODIS,63,6.1NRT,307.26,23.78,D,2025-01-01T13:42:00Z,MODIS,237_99,-0.1949,-0.2101,0.63,0.7182,0.4847,Elevated
55,4.83238,17.40757,317.11,2.0,1.38,2024-12-22,1335,Aqua,MODIS,56,6.1NRT,301.74,15.69,D,2024-12-22T13:35:00Z,MODIS,96_348,-0.6119,-0.4414,0.56,0.6995,0.4029,Normal
56,11.80656,7.18361,315.09,1.8,1.31,2025-01-01,0852,Terra,MODIS,60,6.1NRT,299.48,17.34,D,2025-01-01T08:52:00Z,MODIS,236_143,-0.756,-0.3943,0.6,0.6766,0.3992,Normal
57,5.16647,24.15942,320.64,1.14,1.06,2024-12-23,1238,Aqua,MODIS,71,6.1NRT,303.53,12.0,D,2024-12-23T12:38:00Z,MODIS,103_483,-0.3603,-0.547,0.71,0.6976,0.4419,Normal
58,14.0946,99.85986,315.58,1.26,1.12,2024-12-30,0726,Aqua,MODIS,65,6.1NRT,300.68,10.11,D,2024-12-30T07:26:00Z,MODIS,281_1997,-0.721,-0.601,0.65,0.7056,0.392,Normal
59,-28.04184,-60.33028,327.22,1.02,1.01,2024-11-24,1316,Terra,MODIS,75,6.1NRT,302.8,14.16,D,2024-11-24T13:16:00Z,MODIS,-561_-1207,0.1088,-0.4852,0.75,0.6487,0.4929,Elevated
60,13.47786,-3.15166,324.17,2.55,1.54,2024-11-02,1454,Aqua,MODIS,68,6.1NRT,307.4,36.56,D,2024-11-02T14:54:00Z,MODIS,269_-64,-0.1086,0.1554,0.68,0.6883,0.5407,Elevated
61,6.87537,21.10549,326.42,1.7,1.28,2024-12-23,1238,Aqua,MODIS,63,6.1NRT,306.36,33.23,D,2024-12-23T12:38:00Z,MODIS,137_422,0.0518,0.0602,0.63,0.719,0.5394,Elevated
62,9.63473,22.3203,320.19,1.91,1.35,2024-12-04,1312,Aqua,MODIS,61,6.1NRT,305.84,21.56,D,2024-12-04T13:12:00Z,MODIS,192_446,-0.3924,-0.2736,0.61,0.7057,0.4533,Normal
63,-22.59196,33.46997,341.95,1.04,1.02,2024-11-23,1216,Aqua,MODIS,74,6.1NRT,314.75,29.29,D,2024-11-23T12:16:00Z,MODIS,-452_669,1.159,-0.0525,0.74,0.5746,0.6278,Elevated
64,11.99662,34.95367,324.31,1.19,1.08,2024-11-17,1144,Aqua,MODIS,56,6.1NRT,304.7,13.57,D,2024-11-17T11:44:00Z,MODIS,239_699,-0.0986,-0.5021,0.56,0.6716,0.439,Normal
65,-24.1479,-58.14917,319.52,1.18,1.08,2025-01-07,1259,Terra,MODIS,52,6.1NRT,304.89,8.36,D,2025-01-07T12:59:00Z,MODIS,-483_-1163,-0.4401,-0.6511,0.52,0.6947,0.3858,Normal
66,-3.65374,-70.62933,320.51,1.0,1.0,2024-11-01,1904,Aqua,MODIS,77,6.1NRT,286.72,14.62,D,2024-11-01T19:04:00Z,MODIS,-74_-1413,-0.3695,-0.472,0.77,0.7077,0.4628,Normal
67,12.68966,106.2523,316.96,1.1,1.04,2024-12-20,0230,Terra,MODIS,57,6.1NRT,296.63,10.9,D,2024-12-20T02:30:00Z,MODIS,253_2125,-0.6226,-0.5784,0.57,0.7147,0.3899,Normal
68,8.44536,12.45581,346.01,0.37,0.58,2024-11-14,1303,N20,VIIRS,n,2.0NRT,302.68,4.44,D,2024-11-14T13:03:00Z,VIIRS,168_249,0.7834,-0.1927,0.65,0.6029,0.5638,Elevated
69,26.84476,94.8208,349.23,0.39,0.44,2024-12-19,0707,N20,VIIRS,n,2.0NRT,297.93,19.43,D,2024-12-19T07:07:00Z,VIIRS,536_1896,0.9725,0.9097,0.65,0.7125,0.7272,Unusual
70,-21.92683,116.52409,310.39,0.46,0.39,2025-01-07,1711,N20,VIIRS,n,2.0NRT,290.74,0.81,N,2025-01-07T17:11:00Z,VIIRS,-439_2330,-1.309,-0.4596,0.65,0.6181,0.3536,Normal
71,11.81474,4.59791,332.72,0.76,0.77,2024-12-14,1201,N20,VIIRS,l,2.0NRT,307.66,9.04,D,2024-12-14T12:01:00Z,VIIRS,236_91,0.0027,0.1456,0.35,0.7028,0.4893,Elevated
72,22.90775,111.04739,327.66,0.67,0.74,2024-11-19,0450,N20,VIIRS,n,2.0NRT,282.12,4.27,D,2024-11-19T04:50:00Z,VIIRS,458_2220,-0.2946,-0.2052,0.65,0.7093,0.4785,Normal
73,-1.04792,-51.7421,322.28,0.58,0.52,2024-11-25,0520,N20,VIIRS,n,2.0NRT,289.87,4.05,N,2024-11-25T05:20:00Z,VIIRS,-21_-1035,-0.6106,-0.2214,0.65,0.6733,0.4545,Normal
74,-21.30897,48.2913,313.55,0.52,0.42,2024-11-20,2214,N20,VIIRS,n,2.0NRT,291.11,1.57,N,2024-11-20T22:14:00Z,VIIRS,-427_965,-1.1234,-0.4037,0.65,0.6336,0.3797,Normal
75,6.90002,7.26201,332.95,0.53,0.42,2025-01-08,1233,N20,VIIRS,l,2.0NRT,304.71,1.76,D,2025-01-08T12:33:00Z,VIIRS,138_145,0.0162,-0.3898,0.35,0.6713,0.4229,Normal
76,6.47907,7.99662,339.8,0.42,0.38,2024-12-28,1240,N20,VIIRS,n,2.0NRT,308.71,2.42,D,2024-12-28T12:40:00Z,VIIRS,129_159,0.4186,-0.3412,0.65,0.6288,0.5164,Elevated
77,10.98596,-1.72735,367.0,0.4,0.6,2024-12-13,1401,N20,VIIRS,h,2.0NRT,310.99,6.87,D,2024-12-13T14:01:00Z,VIIRS,219_-35,2.0164,-0.014,0.9,0.4764,0.7265,Unusual
78,46.12511,124.7497,342.26,0.39,0.36,2024-11-10,0425,N20,VIIRS,n,2.0NRT,285.42,15.25,D,2024-11-10T04:25:00Z,VIIRS,922_2494,0.5631,0.6023,0.65,0.7153,0.6536,Elevated
79,23.68336,80.07514,334.87,0.39,0.36,2024-11-15,0745,N20,VIIRS,n,2.0NRT,303.14,3.19,D,2024-11-15T07:45:00Z,VIIRS,473_1601,0.129,-0.2846,0.65,0.6704,0.5025,Elevated
80,11.45095,-12.01041,342.02,0.49,0.49,2024-11-07,1337,N20,VIIRS,n,2.0NRT,307.3,6.52,D,2024-11-07T13:37:00Z,VIIRS,229_-241,0.549,-0.0397,0.65,0.6494,0.567,Elevated
81,-20.63289,45.35754,339.0,0.42,0.37,2024-11-05,1045,N20,VIIRS,n,2.0NRT,308.19,6.15,D,2024-11-05T10:45:00Z,VIIRS,-413_907,0.3716,-0.0669,0.65,0.6674,0.5501,Elevated
82,-3.05391,-51.06575,304.68,0.35,0.57,2024-12-04,0410,N20,VIIRS,n,2.0NRT,286.15,1.07,N,2024-12-04T04:10:00Z,VIIRS,-62_-1022,-1.6445,-0.4405,0.65,0.5755,0.3185,Normal
83,51.03532,2.28957,307.96,0.48,0.48,2025-01-08,0115,N20,VIIRS,n,2.0NRT,275.87,4.67,N,2025-01-08T01:15:00Z,VIIRS,1020_45,-1.4518,-0.1758,0.65,0.5669,0.3661,Normal
84,34.4766,117.45755,298.05,0.59,0.53,2024-12-22,1834,N20,VIIRS,n,2.0NRT,270.34,1.21,N,2024-12-22T18:34:00Z,VIIRS,689_2349,-2.0339,-0.4302,0.65,0.5276,0.2781,Normal
85,2.97263,28.40372,331.57,0.51,0.66,2024-12-08,1212,N20,VIIRS,n,2.0NRT,296.51,3.28,D,2024-12-08T12:12:00Z,VIIRS,59_568,-0.0649,-0.278,0.65,0.6944,0.489,Elevated
86,-30.78315,115.2937,367.0,0.65,0.73,2024-11-28,0503,N20,VIIRS,h,2.0NRT,307.51,39.13,D,2024-11-28T05:03:00Z,VIIRS,-616_2305,2.0164,2.3585,0.9,0.679,0.9368,Unusual
87,4.96809,22.09915,336.08,0.39,0.36,2024-11-23,1153,N20,VIIRS,n,2.0NRT,301.12,3.92,D,2024-11-23T11:53:00Z,VIIRS,99_441,0.2001,-0.2309,0.65,0.6683,0.5151,Elevated
88,9.99224,37.56702,331.66,0.41,0.61,2024-12-20,1008,N20,VIIRS,n,2.0NRT,304.4,3.14,D,2024-12-20T10:08:00Z,VIIRS,199_751,-0.0596,-0.2883,0.65,0.6926,0.488,Elevated
89,5.99972,16.40808,340.4,0.38,0.36,2025-01-09,1214,N20,VIIRS,n,2.0NRT,302.06,4.99,D,2025-01-09T12:14:00Z,VIIRS,119_328,0.4538,-0.1522,0.65,0.6473,0.5447,Elevated
90,4.36932,29.24459,331.19,0.33,0.55,2024-12-07,1049,N20,VIIRS,n,2.0NRT,295.96,4.8,D,2024-12-07T10:49:00Z,VIIRS,87_584,-0.0872,-0.1662,0.65,0.7105,0.5025,Elevated
91,43.08157,-77.38344,296.47,0.39,0.36,2024-11-19,0703,N20,VIIRS,n,2.0NRT,272.51,0.53,N,2024-11-19T07:03:00Z,VIIRS,861_-1548,-2.1267,-0.4802,0.65,0.5224,0.2708,Normal
92,26.1982,50.67354,312.6,0.5,0.66,2024-11-11,2129,N20,VIIRS,n,2.0NRT,295.95,2.59,N,2024-11-11T21:29:00Z,VIIRS,523_1013,-1.1792,-0.3287,0.65,0.6179,0.381,Normal
93,-11.85816,33.85767,300.93,0.49,0.4,2024-11-06,2316,N20,VIIRS,n,2.0NRT,289.86,3.64,N,2024-11-06T23:16:00Z,VIIRS,-238_677,-1.8647,-0.2515,0.65,0.5264,0.3129,Normal
94,18.50844,-96.15184,323.64,0.38,0.58,2024-11-29,0722,N20,VIIRS,n,2.0NRT,290.7,6.47,N,2024-11-29T07:22:00Z,VIIRS,370_-1924,-0.5307,-0.0434,0.65,0.6615,0.481,Elevated
95,-13.65609,48.02018,334.03,0.45,0.39,2024-11-07,1008,N20,VIIRS,n,2.0NRT,297.38,5.61,D,2024-11-07T10:08:00Z,VIIRS,-274_960,0.0796,-0.1066,0.65,0.6976,0.523,Elevated
96,21.68389,108.41083,301.38,0.4,0.44,2024-11-09,1847,N20,VIIRS,n,2.0NRT,289.43,0.84,N,2024-11-09T18:47:00Z,VIIRS,433_2168,-1.8383,-0.4574,0.65,0.5543,0.2954,Normal
97,13.25392,-10.9783,340.3,0.39,0.36,2024-11-22,1359,N20,VIIRS,n,2.0NRT,311.95,6.18,D,2024-11-22T13:59:00Z,VIIRS,265_-220,0.4479,-0.0647,0.65,0.6585,0.5561,Elevated
98,33.2205,44.76735,296.15,0.45,0.63,2024-12-06,2159,N20,VIIRS,n,2.0NRT,278.27,4.38,N,2024-12-06T21:59:00Z,VIIRS,664_895,-2.1455,-0.1971,0.65,0.4862,0.2946,Normal
99,7.76387,6.58164,331.4,0.4,0.6,2024-12-08,1214,N20,VIIRS,n,2.0NRT,297.46,4.49,D,2024-12-08T12:14:00Z,VIIRS,155_131,-0.0749,-0.189,0.65,0.7063,0.5003,Elevated
100,11.58508,6.91754,333.51,0.41,0.37,2024-11-26,1240,N20,VIIRS,n,2.0NRT,304.83,3.3,D,2024-11-26T12:40:00Z,VIIRS,231_138,0.0491,-0.2765,0.65,0.6809,0.4977,Elevated
101,10.94056,1.32298,350.98,0.4,0.37,2024-11-30,1305,N20,VIIRS,n,2.0NRT,311.01,7.39,D,2024-11-30T13:05:00Z,VIIRS,218_26,1.0753,0.0243,0.65,0.5939,0.6149,Elevated
102,-17.14381,48.66267,335.34,0.45,0.63,2024-12-06,1102,N20,VIIRS,n,2.0NRT,304.72,5.84,D,2024-12-06T11:02:00Z,VIIRS,-343_973,0.1566,-0.0897,0.65,0.6904,0.531,Elevated
103,68.64224,57.94616,320.29,0.52,0.67,2024-11-28,2057,N20,VIIRS,n,2.0NRT,264.52,1.98,N,2024-11-28T20:57:00Z,VIIRS,1372_1158,-0.7275,-0.3736,0.65,0.6775,0.4264,Normal
104,11.37746,-1.16394,349.49,0.39,0.36,2024-11-24,1318,N20,VIIRS,n,2.0NRT,318.76,6.22,D,2024-11-24T13:18:00Z,VIIRS,227_-24,0.9878,-0.0618,0.65,0.5941,0.5967,Elevated
105,47.0682,-116.2168,298.77,0.49,0.49,2024-11-07,0909,N20,VIIRS,n,2.0NRT,268.53,1.98,N,2024-11-07T09:09:00Z,VIIRS,941_-2325,-1.9916,-0.3736,0.65,0.5258,0.2868,Normal
106,10.33067,35.35563,339.97,0.42,0.45,2024-12-27,1119,N20,VIIRS,n,2.0NRT,305.83,5.59,D,2024-12-27T11:19:00Z,VIIRS,206_707,0.4286,-0.1081,0.65,0.6556,0.5488,Elevated
107,9.47889,-11.88865,338.7,0.43,0.38,2024-12-23,1414,N20,VIIRS,n,2.0NRT,299.94,4.91,D,2024-12-23T14:14:00Z,VIIRS,189_-238,0.354,-0.1581,0.65,0.6586,0.5364,Elevated
108,45.18024,124.5185,367.0,0.49,0.65,2024-11-13,0325,N20,VIIRS,h,2.0NRT,290.38,21.67,D,2024-11-13T03:25:00Z,VIIRS,903_2490,2.0164,1.0744,0.9,0.607,0.8682,Unusual
109,6.19034,28.20593,304.76,0.4,0.37,2025-01-08,2328,N20,VIIRS,n,2.0NRT,286.8,0.86,N,2025-01-08T23:28:00Z,VIIRS,123_564,-1.6398,-0.456,0.65,0.5779,0.3174,Normal
110,43.20335,-124.19502,347.99,0.56,0.51,2024-12-04,2025,N20,VIIRS,n,2.0NRT,293.67,25.96,D,2024-12-04T20:25:00Z,VIIRS,864_-2484,0.8997,1.3899,0.65,0.6612,0.7692,Unusual
111,23.41785,79.99826,340.09,0.39,0.44,2024-11-16,0728,N20,VIIRS,n,2.0NRT,301.43,7.87,D,2024-11-16T07:28:00Z,VIIRS,468_1599,0.4356,0.0596,0.65,0.6749,0.572,Elevated
112,9.04697,6.90483,348.58,0.56,0.69,2025-01-10,1335,N20,VIIRS,n,2.0NRT,308.19,5.84,D,2025-01-10T13:35:00Z,VIIRS,180_138,0.9343,-0.0897,0.65,0.5971,0.589,Elevated
113,-1.73628,-52.04261,342.96,0.56,0.52,2024-11-27,1721,N20,VIIRS,n,2.0NRT,292.08,12.88,D,2024-11-27T17:21:00Z,VIIRS,-35_-1041,0.6042,0.428,0.65,0.6989,0.6345,Elevated
114,25.69686,103.86594,299.88,0.53,0.42,2024-11-24,1902,N20,VIIRS,n,2.0NRT,283.59,1.74,N,2024-11-24T19:02:00Z,VIIRS,513_2077,-1.9264,-0.3912,0.65,0.5358,0.2922,Normal
115,-19.05911,142.07997,341.04,0.39,0.36,2024-11-10,0404,N20,VIIRS,n,2.0NRT,309.8,2.89,D,2024-11-10T04:04:00Z,VIIRS,-382_2841,0.4914,-0.3067,0.65,0.6242,0.5266,Elevated
116,28.08277,69.2818,335.41,0.39,0.36,2024-12-04,0832,N20,VIIRS,n,2.0NRT,300.53,3.25,D,2024-12-04T08:32:00Z,VIIRS,561_1385,0.1607,-0.2802,0.65,0.6671,0.5055,Elevated
117,4.81431,20.46865,330.13,0.55,0.68,2024-12-01,1244,N20,VIIRS,n,2.0NRT,296.23,2.95,D,2024-12-01T12:44:00Z,VIIRS,96_409,-0.1495,-0.3023,0.65,0.7017,0.4794,Normal
118,-17.1367,142.90988,338.95,0.45,0.39,2024-11-08,1552,N20,VIIRS,n,2.0NRT,297.84,6.43,N,2024-11-08T15:52:00Z,VIIRS,-343_2858,0.3686,-0.0463,0.65,0.6702,0.5652,Elevated
119,11.86275,1.14242,353.41,0.51,0.66,2024-11-22,1357,N20,VIIRS,n,2.0NRT,309.71,6.08,D,2024-11-22T13:57:00Z,VIIRS,237_22,1.2181,-0.0721,0.65,0.5652,0.6125,Elevated
120,11.54617,6.62233,346.84,0.34,0.56,2024-12-15,1325,N20,VIIRS,n,2.0NRT,304.66,4.07,D,2024-12-15T13:25:00Z,VIIRS,230_132,0.8321,-0.2199,0.65,0.5938,0.5637,Elevated
121,60.74163,97.07864,325.5,0.39,0.36,2024-11-05,1951,N20,VIIRS,n,2.0NRT,262.97,6.11,N,2024-11-05T19:51:00Z,VIIRS,1214_1941,-0.4214,-0.0699,0.65,0.6778,0.4905,Elevated
122,-17.55143,-57.46776,339.46,0.48,0.65,2024-11-29,1641,N20,VIIRS,n,2.0NRT,291.52,9.45,D,2024-11-29T16:41:00Z,VIIRS,-352_-1150,0.3986,0.1758,0.65,0.6933,0.585,Elevated
123,4.18668,31.07089,336.31,0.38,0.36,2024-12-27,1117,N20,VIIRS,n,2.0NRT,304.22,3.36,D,2024-12-27T11:17:00Z,VIIRS,83_621,0.2136,-0.2721,0.65,0.6617,0.5105,Elevated
124,25.95731,81.03832,340.1,0.51,0.49,2024-11-19,0811,N20,VIIRS,n,2.0NRT,298.63,5.72,D,2024-11-19T08:11:00Z,VIIRS,519_1620,0.4362,-0.0986,0.65,0.6558,0.5506,Elevated
125,55.22482,-116.81155,300.79,0.38,0.36,2025-01-07,1002,N20,VIIRS,n,2.0NRT,265.15,0.54,N,2025-01-07T10:02:00Z,VIIRS,1104_-2337,-1.873,-0.4795,0.65,0.5528,0.2893,Normal
126,6.74657,16.41963,331.2,0.48,0.48,2024-12-28,1238,N20,VIIRS,l,2.0NRT,305.82,3.51,D,2024-12-28T12:38:00Z,VIIRS,134_328,-0.0866,-0.2611,0.35,0.6991,0.4327,Normal
127,8.83823,25.71374,337.05,0.5,0.49,2024-11-28,1201,N20,VIIRS,n,2.0NRT,299.0,5.85,D,2024-11-28T12:01:00Z,VIIRS,176_514,0.257,-0.089,0.65,0.6785,0.5386,Elevated
128,5.77291,12.39032,315.05,0.44,0.39,2025-01-06,0026,N20,VIIRS,n,2.0NRT,288.92,0.82,N,2025-01-06T00:26:00Z,VIIRS,115_247,-1.0353,-0.4589,0.65,0.6508,0.3839,Normal
129,6.81989,13.89306,354.62,0.43,0.38,2024-12-23,1231,N20,VIIRS,n,2.0NRT,308.61,6.03,D,2024-12-23T12:31:00Z,VIIRS,136_277,1.2891,-0.0758,0.65,0.5562,0.6173,Elevated
130,9.60819,24.50002,332.21,0.42,0.45,2024-11-25,1119,N20,VIIRS,n,2.0NRT,304.65,2.13,D,2024-11-25T11:19:00Z,VIIRS,192_490,-0.0273,-0.3626,0.65,0.6798,0.4803,Elevated
131,10.4711,25.49107,334.59,0.49,0.4,2024-12-20,1151,N20,VIIRS,l,2.0NRT,306.23,4.71,D,2024-12-20T11:51:00Z,VIIRS,209_509,0.1125,-0.1728,0.35,0.6858,0.4595,Normal
132,12.68292,18.98819,355.98,0.34,0.56,2025-01-01,1125,N20,VIIRS,n,2.0NRT,318.59,5.18,D,2025-01-01T11:25:00Z,VIIRS,253_379,1.369,-0.1383,0.65,0.5391,0.6148,Elevated
133,-8.86443,-35.15856,342.69,0.44,0.38,2024-11-27,1537,N20,VIIRS,l,2.0NRT,303.24,9.83,D,2024-11-27T15:37:00Z,VIIRS,-178_-704,0.5883,0.2037,0.35,0.6738,0.5459,Elevated
134,6.42626,14.71402,331.42,0.55,0.43,2024-12-12,1238,N20,VIIRS,l,2.0NRT,306.1,6.33,D,2024-12-12T12:38:00Z,VIIRS,128_294,-0.0737,-0.0537,0.35,0.7176,0.461,Normal
135,8.03602,-0.43195,344.73,0.5,0.49,2025-01-11,1255,N,VIIRS,n,2.0NRT,309.71,7.93,D,2025-01-11T12:55:00Z,VIIRS,160_-9,0.7082,0.064,0.65,0.6427,0.5929,Elevated
136,-6.43646,-38.05334,346.6,0.49,0.48,2024-12-12,1537,N,VIIRS,n,2.0NRT,304.99,30.63,D,2024-12-12T15:37:00Z,VIIRS,-129_-762,0.818,1.7334,0.65,0.6102,0.7944,Unusual
137,10.24848,12.92143,336.79,0.49,0.4,2024-11-30,1242,N,VIIRS,n,2.0NRT,308.34,3.45,D,2024-11-30T12:42:00Z,VIIRS,204_258,0.2418,-0.2655,0.65,0.6591,0.5135,Elevated
138,10.59906,30.14322,339.42,0.54,0.68,2025-01-03,1204,N,VIIRS,n,2.0NRT,308.66,8.97,D,2025-01-03T12:04:00Z,VIIRS,211_602,0.3963,0.1405,0.65,0.6893,0.5801,Elevated
139,29.79784,31.30372,297.27,0.41,0.37,2025-01-01,2333,N,VIIRS,n,2.0NRT,282.41,0.48,N,2025-01-01T23:33:00Z,VIIRS,595_626,-2.0797,-0.4839,0.65,0.5285,0.2715,Normal
140,10.63562,6.36521,342.1,0.43,0.46,2025-01-07,1229,N,VIIRS,n,2.0NRT,310.86,2.79,D,2025-01-07T12:29:00Z,VIIRS,212_127,0.5537,-0.314,0.65,0.6159,0.5302,Elevated
141,9.61696,27.062,338.83,0.42,0.61,2025-01-08,1210,N,VIIRS,n,2.0NRT,304.09,2.81,D,2025-01-08T12:10:00Z,VIIRS,192_541,0.3616,-0.3126,0.65,0.6391,0.5161,Elevated
142,11.11367,6.43584,333.55,0.43,0.38,2024-12-31,1301,N,VIIRS,l,2.0NRT,306.75,2.8,D,2024-12-31T13:01:00Z,VIIRS,222_128,0.0514,-0.3133,0.35,0.6762,0.4359,Normal
143,22.08344,55.97507,308.45,0.53,0.5,2024-11-10,2127,N,VIIRS,n,2.0NRT,294.11,3.37,N,2024-11-10T21:27:00Z,VIIRS,441_1119,-1.423,-0.2714,0.65,0.5818,0.3598,Normal
144,14.22181,-4.00991,323.88,0.39,0.44,2024-12-27,0130,N,VIIRS,n,2.0NRT,289.44,2.15,N,2024-12-27T01:30:00Z,VIIRS,284_-81,-0.5166,-0.3611,0.65,0.7013,0.451,Normal
145,8.74232,1.76359,347.76,0.47,0.64,2025-01-07,1229,N,VIIRS,n,2.0NRT,303.17,4.25,D,2025-01-07T12:29:00Z,VIIRS,174_35,0.8862,-0.2067,0.65,0.5889,0.5695,Elevated
146,25.34606,83.50608,340.58,0.42,0.45,2024-12-07,0709,N,VIIRS,n,2.0NRT,300.76,4.72,D,2024-12-07T07:09:00Z,VIIRS,506_1670,0.4644,-0.1721,0.65,0.6436,0.5428,Elevated
147,-5.32256,-76.9473,328.38,0.33,0.56,2024-11-20,1910,N,VIIRS,n,2.0NRT,281.1,3.65,D,2024-11-20T19:10:00Z,VIIRS,-107_-1539,-0.2523,-0.2508,0.65,0.7198,0.4787,Normal
148,8.23563,-8.63044,303.19,0.45,0.47,2025-01-09,0228,N,VIIRS,n,2.0NRT,291.25,2.44,N,2025-01-09T02:28:00Z,VIIRS,164_-173,-1.732,-0.3398,0.65,0.5529,0.3188,Normal
149,6.31082,0.96763,367.0,0.33,0.56,2025-01-08,1350,N,VIIRS,h,2.0NRT,300.47,6.34,D,2025-01-08T13:50:00Z,VIIRS,126_19,2.0164,-0.053,0.9,0.4717,0.7212,Unusual
150,6.95392,-5.11126,341.3,0.41,0.45,2024-12-14,1320,N,VIIRS,n,2.0NRT,304.36,5.38,D,2024-12-14T13:20:00Z,VIIRS,139_-103,0.5067,-0.1236,0.65,0.6444,0.5525,Elevated
151,-21.59062,46.67252,335.1,0.45,0.47,2024-11-11,1006,N,VIIRS,l,2.0NRT,307.73,2.38,D,2024-11-11T10:06:00Z,VIIRS,-432_933,0.1425,-0.3442,0.35,0.6616,0.4385,Normal
152,8.73825,23.45737,306.97,0.41,0.37,2024-12-10,2350,N,VIIRS,n,2.0NRT,292.14,1.16,N,2024-12-10T23:50:00Z,VIIRS,174_469,-1.5099,-0.4339,0.65,0.5909,0.334,Normal
153,5.13832,18.97216,343.58,0.54,0.51,2024-12-27,1233,N,VIIRS,n,2.0NRT,299.68,10.31,D,2024-12-27T12:33:00Z,VIIRS,102_379,0.6406,0.239,0.65,0.6718,0.6116,Elevated
154,10.13873,37.39798,339.34,0.37,0.58,2024-12-20,1125,N,VIIRS,n,2.0NRT,304.14,4.56,D,2024-12-20T11:25:00Z,VIIRS,202_747,0.3916,-0.1839,0.65,0.651,0.5358,Elevated
155,-17.06708,134.68924,330.85,0.44,0.46,2024-11-03,0412,N,VIIRS,n,2.0NRT,300.78,2.21,D,2024-11-03T04:12:00Z,VIIRS,-342_2693,-0.1072,-0.3567,0.65,0.6901,0.4752,Normal
156,-21.27118,122.74224,355.06,0.71,0.75,2024-11-18,0429,N,VIIRS,n,2.0NRT,294.54,37.71,D,2024-11-18T04:29:00Z,VIIRS,-426_2454,1.315,2.254,0.65,0.6073,0.8543,Unusual
157,9.65639,22.81084,353.48,0.39,0.36,2024-12-08,1151,N,VIIRS,n,2.0NRT,311.22,5.08,D,2024-12-08T11:51:00Z,VIIRS,193_456,1.2222,-0.1456,0.65,0.5559,0.6028,Elevated
158,-20.12215,147.80037,335.15,0.56,0.52,2024-12-10,0418,N,VIIRS,n,2.0NRT,299.34,5.28,D,2024-12-10T04:18:00Z,VIIRS,-403_2956,0.1454,-0.1309,0.65,0.6868,0.5246,Elevated
159,47.43849,-123.24429,336.1,0.45,0.47,2024-12-06,0941,N,VIIRS,n,2.0NRT,277.96,3.85,N,2024-12-06T09:41:00Z,VIIRS,948_-2465,0.2012,-0.2361,0.65,0.6675,0.527,Elevated
160,5.90838,14.4818,332.55,0.38,0.36,2024-12-17,1223,N,VIIRS,n,2.0NRT,305.42,2.32,D,2024-12-17T12:23:00Z,VIIRS,118_289,-0.0073,-0.3486,0.65,0.679,0.4837,Elevated
161,13.8007,104.96027,338.2,0.38,0.59,2024-12-29,0654,N,VIIRS,n,2.0NRT,296.55,3.0,D,2024-12-29T06:54:00Z,VIIRS,276_2099,0.3246,-0.2986,0.65,0.6452,0.5152,Elevated
162,7.90753,24.18235,334.8,0.68,0.74,2025-01-12,1236,N,VIIRS,n,2.0NRT,299.26,3.29,D,2025-01-12T12:36:00Z,VIIRS,158_483,0.1249,-0.2773,0.65,0.6717,0.5032,Elevated
163,7.9333,-66.64584,347.64,0.41,0.37,2024-12-27,1741,N,VIIRS,n,2.0NRT,301.84,9.34,D,2024-12-27T17:41:00Z,VIIRS,158_-1333,0.8791,0.1677,0.65,0.6346,0.6197,Elevated
164,8.28385,13.90083,297.68,0.46,0.39,2025-01-09,0045,N,VIIRS,n,2.0NRT,285.95,1.32,N,2025-01-09T00:45:00Z,VIIRS,165_278,-2.0557,-0.4221,0.65,0.524,0.2776,Normal
165,-21.78078,139.67357,354.43,0.61,0.71,2024-11-21,0514,N,VIIRS,n,2.0NRT,302.13,6.06,D,2024-11-21T05:14:00Z,VIIRS,-436_2793,1.278,-0.0735,0.65,0.5578,0.6167,Elevated
166,-10.05817,34.59216,343.64,0.41,0.37,2024-11-02,1119,N,VIIRS,n,2.0NRT,310.07,22.13,D,2024-11-02T11:19:00Z,VIIRS,-202_691,0.6441,1.1083,0.65,0.6643,0.7129,Unusual
167,10.48111,1.53985,307.34,0.41,0.61,2024-12-08,0045,N,VIIRS,n,2.0NRT,289.2,0.79,N,2024-12-08T00:45:00Z,VIIRS,209_30,-1.4882,-0.4611,0.65,0.5967,0.3337,Normal
168,-17.82809,143.90451,357.02,0.41,0.37,2024-11-20,0351,N,VIIRS,n,2.0NRT,309.7,7.33,D,2024-11-20T03:51:00Z,VIIRS,-357_2878,1.4301,0.0199,0.65,0.5508,0.6407,Elevated
169,30.28917,-91.89588,327.62,0.53,0.67,2024-11-23,2004,N,VIIRS,n,2.0NRT,294.33,4.34,D,2024-11-23T20:04:00Z,VIIRS,605_-1838,-0.2969,-0.2,0.65,0.7084,0.4788,Normal
170,4.07409,17.24759,343.12,0.4,0.37,2024-12-07,1208,N,VIIRS,n,2.0NRT,296.1,6.84,D,2024-12-07T12:08:00Z,VIIRS,81_344,0.6136,-0.0162,0.65,0.6444,0.575,Elevated
171,-19.22082,138.01796,306.5,0.38,0.36,2024-11-01,1558,N,VIIRS,n,2.0NRT,272.48,0.88,N,2024-11-01T15:58:00Z,VIIRS,-385_2760,-1.5375,-0.4545,0.65,0.59,0.3289,Normal
172,3.67334,33.89513,334.28,0.42,0.37,2024-12-16,1057,N,VIIRS,n,2.0NRT,304.12,2.73,D,2024-12-16T10:57:00Z,VIIRS,73_677,0.0943,-0.3184,0.65,0.6705,0.4954,Elevated
173,10.03642,32.88524,338.0,0.46,0.39,2024-12-31,1119,N,VIIRS,l,2.0NRT,312.38,2.96,D,2024-12-31T11:19:00Z,VIIRS,200_657,0.3128,-0.3015,0.35,0.6463,0.457,Normal
174,9.00642,24.68617,334.74,0.44,0.38,2024-12-24,1153,N,VIIRS,l,2.0NRT,308.91,2.79,D,2024-12-24T11:53:00Z,VIIRS,180_493,0.1213,-0.314,0.35,0.6678,0.441,Normal
175,10.5444,-1.6114,344.18,0.35,0.57,2025-01-06,1250,N,VIIRS,n,2.0NRT,310.89,2.41,D,2025-01-06T12:50:00Z,VIIRS,210_-33,0.6759,-0.342,0.65,0.5979,0.5355,Elevated
176,6.22839,27.12518,344.41,0.55,0.43,2025-01-09,1151,N,VIIRS,l,2.0NRT,318.84,142.52,D,2025-01-09T11:51:00Z,VIIRS,124_542,0.6894,9.9618,0.35,0.0,0.687,Unusual
177,12.5527,-10.44865,335.84,0.41,0.37,2024-11-21,1352,N,VIIRS,n,2.0NRT,309.53,5.0,D,2024-11-21T13:52:00Z,VIIRS,251_-209,0.186,-0.1515,0.65,0.6795,0.5248,Elevated
178,-23.4794,46.96852,340.95,0.4,0.37,2024-11-26,1025,N,VIIRS,n,2.0NRT,309.76,12.75,D,2024-11-26T10:25:00Z,VIIRS,-470_939,0.4861,0.4184,0.65,0.7119,0.6244,Elevated
179,10.18509,-12.50648,347.28,0.5,0.41,2025-01-01,1424,N,VIIRS,n,2.0NRT,313.39,29.96,D,2025-01-01T14:24:00Z,VIIRS,203_-251,0.858,1.6841,0.65,0.6209,0.7939,Unusual
180,6.76952,7.36358,354.19,0.35,0.57,2024-12-12,1216,N,VIIRS,n,2.0NRT,303.32,3.72,D,2024-12-12T12:16:00Z,VIIRS,135_147,1.2639,-0.2456,0.65,0.5389,0.5924,Elevated
181,9.52104,-10.34537,332.82,0.49,0.4,2025-01-03,1346,N,VIIRS,n,2.0NRT,301.81,2.74,D,2025-01-03T13:46:00Z,VIIRS,190_-207,0.0086,-0.3177,0.65,0.6808,0.4891,Elevated
182,10.90747,20.52831,331.04,0.72,0.76,2025-01-01,1102,N,VIIRS,l,2.0NRT,303.23,6.5,D,2025-01-01T11:02:00Z,VIIRS,218_410,-0.096,-0.0412,0.35,0.7134,0.4598,Normal
183,9.76276,21.14384,301.78,0.56,0.51,2025-01-01,2335,N,VIIRS,n,2.0NRT,291.11,0.96,N,2025-01-01T23:35:00Z,VIIRS,195_422,-1.8148,-0.4486,0.65,0.5561,0.2988,Normal
184,21.15239,82.01741,332.49,0.33,0.55,2024-12-14,0817,N,VIIRS,n,2.0NRT,300.96,1.78,D,2024-12-14T08:17:00Z,VIIRS,423_1640,-0.0108,-0.3883,0.65,0.6747,0.4781,Normal
185,8.65201,-67.75729,345.61,0.42,0.38,2025-01-11,1800,N,VIIRS,n,2.0NRT,307.77,11.34,D,2025-01-11T18:00:00Z,VIIRS,173_-1356,0.7599,0.3147,0.65,0.6666,0.6308,Elevated
186,21.7939,83.00483,333.37,0.39,0.36,2024-12-16,0739,N,VIIRS,n,2.0NRT,302.43,3.26,D,2024-12-16T07:39:00Z,VIIRS,435_1660,0.0409,-0.2795,0.65,0.6816,0.4967,Elevated
187,9.00117,-1.9683,340.54,0.41,0.37,2024-11-28,1320,N,VIIRS,n,2.0NRT,305.69,3.8,D,2024-11-28T13:20:00Z,VIIRS,180_-40,0.462,-0.2397,0.65,0.6358,0.5334,Elevated
188,51.06735,-103.0967,336.92,0.38,0.36,2024-11-09,1932,N,VIIRS,n,2.0NRT,285.36,5.7,D,2024-11-09T19:32:00Z,VIIRS,1021_-2062,0.2494,-0.1,0.65,0.6781,0.5365,Elevated
189,-4.38966,-43.46771,336.76,0.43,0.38,2024-11-01,0406,N,VIIRS,n,2.0NRT,298.15,26.76,N,2024-11-01T04:06:00Z,VIIRS,-88_-870,0.24,1.4488,0.65,0.575,0.7147,Unusual
190,-38.29222,-68.57025,307.42,0.36,0.57,2025-01-03,0616,N,VIIRS,n,2.0NRT,287.75,1.46,N,2025-01-03T06:16:00Z,VIIRS,-766_-1372,-1.4835,-0.4118,0.65,0.5914,0.3391,Normal
191,12.37013,20.07731,341.33,0.57,0.52,2024-11-02,1125,N,VIIRS,n,2.0NRT,303.79,6.89,D,2024-11-02T11:25:00Z,VIIRS,247_401,0.5085,-0.0125,0.65,0.6575,0.5677,Elevated
192,20.70259,78.62104,299.05,0.59,0.7,2024-12-18,1932,N,VIIRS,n,2.0NRT,283.23,1.41,N,2024-12-18T19:32:00Z,VIIRS,414_1572,-1.9752,-0.4155,0.65,0.5328,0.2844,Normal
193,-21.28345,-58.54339,343.71,0.38,0.44,2024-11-10,1713,N,VIIRS,n,2.0NRT,312.11,10.65,D,2024-11-10T17:13:00Z,VIIRS,-426_-1171,0.6483,0.264,0.65,0.6739,0.6156,Elevated
194,7.66819,21.73638,338.87,0.49,0.41,2024-12-30,1138,N,VIIRS,n,2.0NRT,310.61,7.47,D,2024-12-30T11:38:00Z,VIIRS,153_434,0.3639,0.0301,0.65,0.6799,0.5627,Elevated
195,-25.21293,-57.6922,328.43,0.39,0.36,2025-01-07,0457,N,VIIRS,n,2.0NRT,291.01,1.94,N,2025-01-07T04:57:00Z,VIIRS,-505_-1154,-0.2493,-0.3765,0.65,0.7047,0.4744,Normal
196,30.98489,49.46714,340.3,0.46,0.63,2024-12-07,1034,N,VIIRS,n,2.0NRT,298.28,3.13,D,2024-12-07T10:34:00Z,VIIRS,619_989,0.4479,-0.289,0.65,0.6316,0.5257,Elevated
197,-17.19451,48.53636,299.19,0.44,0.38,2024-11-20,2148,N,VIIRS,n,2.0NRT,287.97,0.39,N,2024-11-20T21:48:00Z,VIIRS,-344_970,-1.967,-0.4905,0.65,0.5428,0.2778,Normal
198,-15.64614,133.83308,351.19,0.44,0.46,2024-11-11,0503,N,VIIRS,n,2.0NRT,308.22,6.92,D,2024-11-11T05:03:00Z,VIIRS,-313_2676,1.0877,-0.0103,0.65,0.5882,0.6111,Elevated
199,-20.67257,46.93933,302.85,0.72,0.75,2024-11-17,2105,N,VIIRS,n,2.0NRT,283.91,1.72,N,2024-11-17T21:05:00Z,VIIRS,-414_938,-1.752,-0.3927,0.65,0.5569,0.3113,Normal
200,11.58403,14.56361,335.86,0.33,0.55,2024-12-03,1146,N,VIIRS,n,2.0NRT,303.76,1.01,D,2024-12-03T11:46:00Z,VIIRS,231_291,0.1871,-0.4449,0.65,0.6442,0.4852,Elevated
